zone,type,var,p_x_to_co2,p_co2_to_x,sens
austral,bande,T2m,0.18295611188058758,0.05807408333505637,none
austral,bande,T500,0.08983296855842612,0.02939600633697688,CO2 -> X
austral,bande,SPFH2m,0.24127268950907868,0.16858848937807572,none
austral,bande,PWAT,0.2867341282739869,0.06373145403250924,none
austral,bande,APCP,0.1528395686866725,0.623765215383685,none
austral,bande,TCDC,0.1750999908297836,0.28425939789165966,none
austral,bande,DLWRF,0.07061828265990401,0.045595165601299,CO2 -> X
austral,bande,ULWRF,0.2170273012868015,0.08021536039060666,none
austral,bande,DSWRF,0.7635983782649485,0.48115905724579844,none
austral,bande,USWRF,0.580911699593972,0.6791764711559785,none
austral,bande,PRMSL,0.30548347640871076,0.8455612962884436,none
austral,bande,CSDSF,0.8498166657623862,0.5381842269552308,none
austral,bande,CSUSF,0.49013974054879783,0.6895681671525562,none
austral,bande,CSDLF,0.13855809598250188,0.13393269570146457,none
austral,bande,CSULF,0.2174360782223887,0.08260636768796423,none
austral,bande,CDUVB,0.6488763318407937,0.7373927852281699,none
austral,bande,DUVB,0.6150426941984621,0.8143824030061335,none
austral,bande,ALBDO,0.43800647892268074,0.7749470828820206,none
boreal,bande,T2m,0.012678844883216713,0.43869700643142673,X -> CO2
boreal,bande,T500,0.04466996552124087,0.002609468208691102,bidirectional
boreal,bande,SPFH2m,0.0032137005766254426,0.7546991194025265,X -> CO2
boreal,bande,PWAT,0.0027370059181375727,0.5436142788127158,X -> CO2
boreal,bande,APCP,0.3615580374069532,0.19351135102212141,none
boreal,bande,TCDC,0.35783333536268425,0.14271958739913285,none
boreal,bande,DLWRF,0.0031312875361096146,0.718659555485276,X -> CO2
boreal,bande,ULWRF,0.010654415517121266,0.5722872960854943,X -> CO2
boreal,bande,DSWRF,0.24392342050937055,0.5824284991605471,none
boreal,bande,USWRF,0.0003661363596020852,0.332504639811783,X -> CO2
boreal,bande,PRMSL,0.05066179421243383,0.023292497952102205,CO2 -> X
boreal,bande,CSDSF,0.6925984328213386,0.8767309693393582,none
boreal,bande,CSUSF,0.0006698107413867767,0.3991920895168971,X -> CO2
boreal,bande,CSDLF,0.00336521380827378,0.4228521708242804,X -> CO2
boreal,bande,CSULF,0.010708562064267733,0.5780392172474406,X -> CO2
boreal,bande,CDUVB,0.3085174866875171,0.9760432664020668,none
boreal,bande,DUVB,0.13687147740758598,0.5880600666568997,none
boreal,bande,ALBDO,0.002380816294545032,0.46756581960844545,X -> CO2
global,bande,T2m,4.930877381608669e-05,0.05282986642310901,X -> CO2
global,bande,T500,3.9322059983713316e-08,0.00034004926253435047,bidirectional
global,bande,SPFH2m,2.8019270529533845e-08,0.01335656468135903,bidirectional
global,bande,PWAT,9.377879323688978e-08,0.05516016654737813,X -> CO2
global,bande,APCP,0.14465982390129073,0.01706779359045976,CO2 -> X
global,bande,TCDC,0.07067432436245023,0.07465320066135696,none
global,bande,DLWRF,6.763165554000964e-07,0.05978993077831632,X -> CO2
global,bande,ULWRF,2.299629637594085e-06,0.08654874163521452,X -> CO2
global,bande,DSWRF,0.183856722689875,0.14881982207890926,none
global,bande,USWRF,0.0022031226886573122,0.08017973617765485,X -> CO2
global,bande,PRMSL,0.000739741683715991,0.5289088720122992,X -> CO2
global,bande,CSDSF,0.027520933636788925,0.7045555466293657,X -> CO2
global,bande,CSUSF,0.008652912637672561,0.25589170115990856,X -> CO2
global,bande,CSDLF,1.2778859931238314e-07,0.0638352580144883,X -> CO2
global,bande,CSULF,2.3349635126394365e-06,0.08873941477874947,X -> CO2
global,bande,CDUVB,0.15402061717100235,0.9898706218274537,none
global,bande,DUVB,0.4566767704108171,0.32490882477858385,none
global,bande,ALBDO,0.3405221570110095,0.1665175289752483,none
temperate_N,bande,T2m,0.013186719125262423,0.3028750342921034,X -> CO2
temperate_N,bande,T500,0.7828147647390196,0.03379312845076559,CO2 -> X
temperate_N,bande,SPFH2m,0.09018324139095173,0.057633517789025396,none
temperate_N,bande,PWAT,0.19613950402825897,0.07176565658258943,none
temperate_N,bande,APCP,0.0005908869348083103,1.7838564906241062e-05,bidirectional
temperate_N,bande,TCDC,0.0028016726180758525,0.015048159661647907,bidirectional
temperate_N,bande,DLWRF,0.09786983663228553,0.04254161373594316,CO2 -> X
temperate_N,bande,ULWRF,0.023189019228332008,0.13744069644732454,X -> CO2
temperate_N,bande,DSWRF,0.3260587017757496,0.2172787188829486,none
temperate_N,bande,USWRF,8.243200355157559e-05,0.05441366065363444,X -> CO2
temperate_N,bande,PRMSL,0.0014189227344654364,0.0487593613805853,bidirectional
temperate_N,bande,CSDSF,0.8909681544384487,0.23184693130584977,none
temperate_N,bande,CSUSF,0.00045119541014235676,0.09303952841648844,X -> CO2
temperate_N,bande,CSDLF,0.0395042724712902,0.1599727291523113,X -> CO2
temperate_N,bande,CSULF,0.022787572696464982,0.13845525379364976,X -> CO2
temperate_N,bande,CDUVB,0.9183444243693749,0.9501763447748055,none
temperate_N,bande,DUVB,0.31858160913627886,0.3055178708209826,none
temperate_N,bande,ALBDO,0.0021501414875357114,0.008309994379677282,bidirectional
temperate_S,bande,T2m,0.29583166547973266,0.02725323315359554,CO2 -> X
temperate_S,bande,T500,0.5074613856583826,0.4806739642336373,none
temperate_S,bande,SPFH2m,0.4596559391441547,0.23032144514850544,none
temperate_S,bande,PWAT,0.36798047442831305,0.9190247936865039,none
temperate_S,bande,APCP,0.3969949595762065,0.6953258254592785,none
temperate_S,bande,TCDC,0.00023678846422047156,0.5282897464500249,X -> CO2
temperate_S,bande,DLWRF,0.0175283761702802,0.9145970337873474,X -> CO2
temperate_S,bande,ULWRF,0.08226867064773566,0.23967611181776277,none
temperate_S,bande,DSWRF,0.0679263264965446,0.9696631739855844,none
temperate_S,bande,USWRF,0.017199815493209498,0.7832502786972515,X -> CO2
temperate_S,bande,PRMSL,0.3814545572746491,0.44407026737400723,none
temperate_S,bande,CSDSF,0.8359384181354215,0.9482879959848857,none
temperate_S,bande,CSUSF,0.11814647712353879,0.4302402047105973,none
temperate_S,bande,CSDLF,0.3701283813914522,0.43434996263022085,none
temperate_S,bande,CSULF,0.08299214442472702,0.244172222101539,none
temperate_S,bande,CDUVB,0.9869763079614491,0.6603899626539091,none
temperate_S,bande,DUVB,0.12990290448937858,0.9385568908542719,none
temperate_S,bande,ALBDO,0.10405574676621501,0.30959408382696046,none
tropical,bande,T2m,3.652593470114127e-12,0.0031696364606585313,bidirectional
tropical,bande,T500,9.402464523821652e-14,0.00010679959366952191,bidirectional
tropical,bande,SPFH2m,3.350119783685998e-10,0.0012703416403026565,bidirectional
tropical,bande,PWAT,2.4980028166179166e-09,0.009543029965353408,bidirectional
tropical,bande,APCP,0.002645444825156515,0.04353341762031325,bidirectional
tropical,bande,TCDC,0.40322898037930555,0.3189475149813659,none
tropical,bande,DLWRF,3.864544800802784e-09,0.007578367102241497,bidirectional
tropical,bande,ULWRF,3.455588070278831e-11,0.00785713137460337,bidirectional
tropical,bande,DSWRF,0.0918625667145965,0.5008687437757119,none
tropical,bande,USWRF,0.08610204939278931,0.9722240615913377,none
tropical,bande,PRMSL,0.002134686540795346,0.10986080801691875,X -> CO2
tropical,bande,CSDSF,0.33073432901628175,0.13278169434936468,none
tropical,bande,CSUSF,0.04778537171921764,0.2971498890813517,X -> CO2
tropical,bande,CSDLF,4.8863540961400665e-11,0.005391330060088211,bidirectional
tropical,bande,CSULF,3.5398753976315215e-11,0.007580364246346187,bidirectional
tropical,bande,CDUVB,0.7832541363685995,0.2992726257342397,none
tropical,bande,DUVB,0.43666857370255174,0.70921029858406,none
tropical,bande,ALBDO,0.6979210506687206,0.36175771501557974,none
Amazonie,hotspot,T2m,2.1412921785968862e-10,0.0008463856207224475,bidirectional
Amazonie,hotspot,PWAT,0.39142990226936547,0.02236208714010194,CO2 -> X
Amazonie,hotspot,APCP,2.445093222978501e-06,0.0019517203480423763,bidirectional
Amazonie,hotspot,TCDC,3.24356430689462e-05,0.00043279909706147213,bidirectional
Indonesie,hotspot,T2m,2.0793349801592757e-05,3.2890627275991085e-06,bidirectional
Indonesie,hotspot,PWAT,0.00012594682379995698,0.0007579250230599976,bidirectional
Indonesie,hotspot,APCP,0.00011953865524262985,0.08321638659469562,X -> CO2
Indonesie,hotspot,TCDC,1.460622611907058e-05,0.03563476760543664,bidirectional
Siberie,hotspot,T2m,0.0002959948418977602,0.9276358658177936,X -> CO2
Siberie,hotspot,PWAT,0.03911083664890126,0.8408461110120795,X -> CO2
Siberie,hotspot,APCP,0.1895743950121237,0.9458689884579421,none
Siberie,hotspot,TCDC,0.3045530294079607,0.9958128555989045,none
Sahel,hotspot,T2m,0.08061898646338524,0.07717145987267274,none
Sahel,hotspot,PWAT,0.05470367845064043,0.3331153501094324,none
Sahel,hotspot,APCP,0.5289307811001491,0.3514321124186931,none
Sahel,hotspot,TCDC,0.9472256032540692,0.1829544021458235,none
