date,year,month,CRE_SW,CRE_LW,CRE_net
1979-01-01,1979,1,-47.812233131130824,25.018751051292327,-22.793482079838498
1979-02-01,1979,2,-47.188596147975545,25.473964508521817,-21.714631639453728
1979-03-01,1979,3,-44.93920867766829,26.011831794926593,-18.927376882741697
1979-04-01,1979,4,-41.870610273849366,25.795461516785736,-16.07514875706363
1979-05-01,1979,5,-42.200072871455575,26.116050015495034,-16.08402285596054
1979-06-01,1979,6,-43.67478076198424,25.907688914333903,-17.767091847650335
1979-07-01,1979,7,-44.926326353230166,25.81183690071998,-19.114489452510185
1979-08-01,1979,8,-46.194410529045626,26.357937275162953,-19.836473253882673
1979-09-01,1979,9,-46.6799748763068,26.199522158239745,-20.480452718067056
1979-10-01,1979,10,-47.50121543808547,26.57471554315424,-20.926499894931226
1979-11-01,1979,11,-47.525469672118334,26.235011042006818,-21.290458630111516
1979-12-01,1979,12,-47.888511184642994,25.763798925135006,-22.124712259507987
1980-01-01,1980,1,-48.33718747914807,25.15938673223809,-23.17780074690998
1980-02-01,1980,2,-47.98759764828702,25.353568692489034,-22.634028955797987
1980-03-01,1980,3,-44.79104869393959,25.70868229887384,-19.082366395065748
1980-04-01,1980,4,-42.57885159985423,25.736229006748886,-16.842622593105347
1980-05-01,1980,5,-42.08524086770376,26.150285698114203,-15.934955169589557
1980-06-01,1980,6,-43.668712926804176,26.288778432175945,-17.37993449462823
1980-07-01,1980,7,-46.04534729816592,26.541671518623787,-19.503675779542135
1980-08-01,1980,8,-47.46741757290144,26.562697557568356,-20.904720015333083
1980-09-01,1980,9,-46.13541700570775,26.108614097348664,-20.026802908359087
1980-10-01,1980,10,-47.77090818576082,26.85324705067137,-20.917661135089446
1980-11-01,1980,11,-47.00635041975562,25.869042306771632,-21.137308112983987
1980-12-01,1980,12,-47.435020580279286,25.38702598696318,-22.047994593316105
1981-01-01,1981,1,-48.44751506956558,25.27260128824628,-23.174913781319304
1981-02-01,1981,2,-49.007008369303634,25.90208084801128,-23.104927521292353
1981-03-01,1981,3,-45.0025717791581,25.42062912533828,-19.581942653819823
1981-04-01,1981,4,-42.2985738495459,25.57242543333558,-16.72614841621032
1981-05-01,1981,5,-41.58234792876061,25.882403731570378,-15.699944197190234
1981-06-01,1981,6,-42.65793378217782,25.966578859624917,-16.691354922552904
1981-07-01,1981,7,-45.53402277396685,26.070657129879464,-19.46336564408739
1981-08-01,1981,8,-45.10334252791688,25.451757017724276,-19.651585510192604
1981-09-01,1981,9,-44.288590195192455,25.096105118872174,-19.19248507632028
1981-10-01,1981,10,-45.98099667485684,25.7762200267627,-20.20477664809414
1981-11-01,1981,11,-49.37774895074722,26.41822858505452,-22.959520365692697
1981-12-01,1981,12,-50.06125117110517,25.679661840464632,-24.381589330640537
1982-01-01,1982,1,-49.169115119933366,25.269135760872132,-23.899979359061234
1982-02-01,1982,2,-48.60970751270091,25.846437384070498,-22.76327012863041
1982-03-01,1982,3,-47.15581940130593,26.393867977232787,-20.761951424073146
1982-04-01,1982,4,-43.53502245228816,26.41639342372497,-17.11862902856319
1982-05-01,1982,5,-41.714400794143245,25.803740062865586,-15.910660731277659
1982-06-01,1982,6,-42.912095989956555,26.420018171237075,-16.49207781871948
1982-07-01,1982,7,-43.18443762083615,25.48503055330326,-17.69940706753289
1982-08-01,1982,8,-45.80454415382434,26.344405294781836,-19.4601388590425
1982-09-01,1982,9,-45.57775045898725,26.515659682634862,-19.06209077635239
1982-10-01,1982,10,-44.68628008743349,26.187192349738893,-18.499087737694595
1982-11-01,1982,11,-46.69349973395174,26.04333709760931,-20.65016263634243
1982-12-01,1982,12,-46.73719037954666,25.720875219792674,-21.016315159753987
1983-01-01,1983,1,-48.104061772920005,25.50647083016338,-22.597590942756625
1983-02-01,1983,2,-45.82932842789609,24.599063381261715,-21.230265046634372
1983-03-01,1983,3,-44.47042400630011,25.672453200608743,-18.797970805691364
1983-04-01,1983,4,-42.36910744384008,25.959415656760882,-16.409691787079197
1983-05-01,1983,5,-42.12518343126945,26.30596240589074,-15.81922102537871
1983-06-01,1983,6,-42.804164824303314,26.05369939916983,-16.750465425133484
1983-07-01,1983,7,-45.44540623280355,26.409076012634273,-19.036330220169276
1983-08-01,1983,8,-45.84902913898597,26.417329797618265,-19.431699341367704
1983-09-01,1983,9,-45.557783014325565,26.048389620807995,-19.50939339351757
1983-10-01,1983,10,-46.584617728664085,26.3334766865853,-20.251141042078785
1983-11-01,1983,11,-47.65839530996138,26.177801013169244,-21.480594296792134
1983-12-01,1983,12,-47.23589950205013,25.227098271456498,-22.008801230593633
1984-01-01,1984,1,-47.293793950898134,25.268467393576657,-22.025326557321478
1984-02-01,1984,2,-47.10655364989324,25.416252156152495,-21.690301493740748
1984-03-01,1984,3,-45.01259271218467,26.136013853392683,-18.876578858791987
1984-04-01,1984,4,-42.675887871489834,26.09195813276466,-16.583929738725175
1984-05-01,1984,5,-41.92190971187949,25.89983113830067,-16.022078573578824
1984-06-01,1984,6,-43.52310534689255,25.753743995933633,-17.769361350958917
1984-07-01,1984,7,-44.70124775784285,26.402532582924152,-18.298715174918698
1984-08-01,1984,8,-44.38341008148711,25.760034826122535,-18.62337525536458
1984-09-01,1984,9,-43.88326423345811,25.71989523743622,-18.163368996021887
1984-10-01,1984,10,-46.95622091663026,26.5371120779551,-20.419108838675157
1984-11-01,1984,11,-46.17384916160441,25.52648813251176,-20.64736102909265
1984-12-01,1984,12,-49.29839361110331,26.45506944906316,-22.843324162040147
1985-01-01,1985,1,-47.52602657732055,25.065592141958177,-22.460434435362373
1985-02-01,1985,2,-47.003474239163324,25.454611591933315,-21.54886264723001
1985-03-01,1985,3,-45.58995260059385,26.303139422640072,-19.286813177953775
1985-04-01,1985,4,-43.52338028604814,26.365991350378692,-17.157388935669445
1985-05-01,1985,5,-41.51754235676921,26.255125703355986,-15.262416653413226
1985-06-01,1985,6,-42.82174123667997,25.974468403078504,-16.847272833601465
1985-07-01,1985,7,-44.46573840616074,26.802594559320596,-17.663143846840143
1985-08-01,1985,8,-46.85474724698474,26.5699228561881,-20.284824390796643
1985-09-01,1985,9,-47.299414187634056,26.951354007549014,-20.348060180085042
1985-10-01,1985,10,-47.611367829435835,26.847678200168104,-20.76368962926773
1985-11-01,1985,11,-47.284121649949014,26.45964083501366,-20.824480814935356
1985-12-01,1985,12,-48.11481103099621,25.246166200841515,-22.868644830154693
1986-01-01,1986,1,-48.18011693187259,24.85989689035563,-23.32022004151696
1986-02-01,1986,2,-45.86913688921911,24.66583570056241,-21.203301188656695
1986-03-01,1986,3,-44.096395498975994,25.85702933647275,-18.239366162503245
1986-04-01,1986,4,-42.44599805977845,25.85109269082676,-16.594905368951686
1986-05-01,1986,5,-40.89266244360087,25.691522102918327,-15.201140340682542
1986-06-01,1986,6,-43.554802337138625,26.289436892141566,-17.26536544499706
1986-07-01,1986,7,-45.091366921856235,26.1630160004687,-18.928350921387533
1986-08-01,1986,8,-45.61444426588503,26.03702720011904,-19.577417065765985
1986-09-01,1986,9,-45.579250000873174,25.891748534766407,-19.687501466106767
1986-10-01,1986,10,-46.165705529254666,26.175893093671505,-19.98981243558316
1986-11-01,1986,11,-48.743579577323516,26.77502162714086,-21.968557950182657
1986-12-01,1986,12,-49.209966162897956,25.715884672445213,-23.494081490452743
1987-01-01,1987,1,-48.57558288137699,25.200497326890115,-23.375085554486873
1987-02-01,1987,2,-47.058765379699366,24.864620384023794,-22.194144995675572
1987-03-01,1987,3,-43.61365331532454,25.328182506157248,-18.285470809167293
1987-04-01,1987,4,-42.48006296415761,25.568987211770434,-16.911075752387177
1987-05-01,1987,5,-41.25126039455424,25.649953907954227,-15.60130648660001
1987-06-01,1987,6,-42.953725639098934,25.67533519147503,-17.278390447623906
1987-07-01,1987,7,-44.8943856655531,26.085914804103652,-18.80847086144945
1987-08-01,1987,8,-46.16780268501384,26.68463064170834,-19.4831720433055
1987-09-01,1987,9,-45.76355483497912,25.913070557460628,-19.85048427751849
1987-10-01,1987,10,-47.28120433071891,26.5616414809694,-20.719562849749508
1987-11-01,1987,11,-48.91340313745357,26.2037709674114,-22.70963217004217
1987-12-01,1987,12,-50.0211525915083,26.009994371112498,-24.0111582203958
1988-01-01,1988,1,-49.7865191873299,25.745954887590642,-24.04056429973926
1988-02-01,1988,2,-47.82233789421551,25.35659649831149,-22.46574139590402
1988-03-01,1988,3,-44.70510956913796,25.68630034303675,-19.01880922610121
1988-04-01,1988,4,-42.38629113970359,25.786597418518625,-16.599693721184963
1988-05-01,1988,5,-42.156592064215545,26.10004162131321,-16.056550442902335
1988-06-01,1988,6,-43.78648158552343,25.919221235868577,-17.867260349654856
1988-07-01,1988,7,-45.56049471785025,26.175556732871257,-19.38493798497899
1988-08-01,1988,8,-47.548464091480895,26.615387600069823,-20.93307649141107
1988-09-01,1988,9,-47.353349460248694,26.606094027306256,-20.74725543294244
1988-10-01,1988,10,-46.570907782474194,26.01788437783597,-20.553023404638225
1988-11-01,1988,11,-49.08513175682418,26.377473160120246,-22.707658596703936
1988-12-01,1988,12,-50.734552050565185,26.317069870345506,-24.41748218021968
1989-01-01,1989,1,-48.761925160753066,25.369989483582913,-23.391935677170153
1989-02-01,1989,2,-48.26642532076798,25.80435838783518,-22.4620669329328
1989-03-01,1989,3,-44.43883457207437,25.443954231760245,-18.994880340314126
1989-04-01,1989,4,-42.44491217728367,25.79422277726286,-16.65068940002081
1989-05-01,1989,5,-42.13015474978039,26.16581630339988,-15.96433844638051
1989-06-01,1989,6,-43.2255991897764,26.38420792097844,-16.841391268797963
1989-07-01,1989,7,-43.93963107031854,25.63319508735799,-18.30643598296055
1989-08-01,1989,8,-46.06192888902285,25.852396830115197,-20.209532058907655
1989-09-01,1989,9,-45.77229876370882,25.905779425466676,-19.866519338242142
1989-10-01,1989,10,-47.1417017124806,26.404894464449,-20.736807248031596
1989-11-01,1989,11,-48.275722584885386,26.16197469965755,-22.113747885227838
1989-12-01,1989,12,-50.129021066631026,25.920610767745984,-24.208410298885042
1990-01-01,1990,1,-50.71852092591615,25.92074304566438,-24.797777880251772
1990-02-01,1990,2,-47.94192335905677,25.600842048625736,-22.341081310431036
1990-03-01,1990,3,-45.649386147811555,26.067350145516116,-19.58203600229544
1990-04-01,1990,4,-43.0942850174458,25.967558509937362,-17.126726507508437
1990-05-01,1990,5,-41.98272881456501,25.875600720541115,-16.107128094023892
1990-06-01,1990,6,-44.10698166526507,25.96338457959564,-18.143597085669427
1990-07-01,1990,7,-44.482742039307595,25.5122204685195,-18.970521570788094
1990-08-01,1990,8,-45.358860086327155,26.159843550502046,-19.19901653582511
1990-09-01,1990,9,-46.3834990475018,26.358463295666695,-20.025035751835105
1990-10-01,1990,10,-47.181280446991195,26.071871431546924,-21.10940901544427
1990-11-01,1990,11,-49.19846293145065,26.458099629387902,-22.740363302062747
1990-12-01,1990,12,-49.82841828101243,26.25741781098168,-23.571000470030754
1991-01-01,1991,1,-50.12739929563821,25.510973838134646,-24.616425457503567
1991-02-01,1991,2,-46.44501572900768,24.89761609627675,-21.54739963273093
1991-03-01,1991,3,-46.42192570848559,25.793855153439665,-20.628070555045923
1991-04-01,1991,4,-41.8046935992391,25.2485628563756,-16.556130742863502
1991-05-01,1991,5,-41.81024035760149,25.755028810170984,-16.055211547430503
1991-06-01,1991,6,-43.594485566819685,26.056658886470075,-17.53782668034961
1991-07-01,1991,7,-43.573529541807346,25.545678008685343,-18.027851533122004
1991-08-01,1991,8,-45.10765815871969,25.92563926894468,-19.18201888977501
1991-09-01,1991,9,-43.480519153239726,25.69144019019842,-17.789078963041305
1991-10-01,1991,10,-44.89745270151249,26.210971398386334,-18.686481303126158
1991-11-01,1991,11,-45.6508877634777,25.877180229679652,-19.773707533798046
1991-12-01,1991,12,-47.46306432933636,25.93827795118233,-21.524786378154033
1992-01-01,1992,1,-47.11233701579624,25.534901647811296,-21.577435367984947
1992-02-01,1992,2,-44.48396991418181,24.695252539096714,-19.7887173750851
1992-03-01,1992,3,-43.27125536683741,25.20690538131646,-18.06434998552095
1992-04-01,1992,4,-40.701129039578404,25.58697203746999,-15.114157002108414
1992-05-01,1992,5,-39.170404360389085,25.201034140569504,-13.96937021981958
1992-06-01,1992,6,-41.96824711813011,25.887248252505856,-16.080998865624252
1992-07-01,1992,7,-43.18074737255935,25.84860532343538,-17.332142049123973
1992-08-01,1992,8,-43.93605074118835,25.711196972931702,-18.22485376825665
1992-09-01,1992,9,-45.58444716961927,26.435495355535352,-19.148951814083915
1992-10-01,1992,10,-45.80473249067066,26.05744166772712,-19.74729082294354
1992-11-01,1992,11,-48.20467148576424,26.712937401127704,-21.491734084636533
1992-12-01,1992,12,-49.075133960686884,26.403376783102033,-22.67175717758485
1993-01-01,1993,1,-46.57582935140431,25.01049046118891,-21.5653388902154
1993-02-01,1993,2,-46.34405988163488,25.291044991456943,-21.053014890177934
1993-03-01,1993,3,-42.50295510624943,25.346544402925645,-17.156410703323786
1993-04-01,1993,4,-41.82075495264567,25.390065837017346,-16.430689115628326
1993-05-01,1993,5,-41.45812781766651,25.995461823352684,-15.462665994313824
1993-06-01,1993,6,-43.61774552466912,26.468747022152343,-17.148998502516775
1993-07-01,1993,7,-46.327915377964814,26.616386085767658,-19.711529292197156
1993-08-01,1993,8,-45.75350999214365,26.078648540286167,-19.67486145185748
1993-09-01,1993,9,-44.743966077418065,26.221401012342994,-18.52256506507507
1993-10-01,1993,10,-46.17941607488814,26.180862861694607,-19.99855321319353
1993-11-01,1993,11,-47.92498356015426,26.363855340658517,-21.561128219495743
1993-12-01,1993,12,-49.769616731276386,26.03942570920117,-23.730191022075218
1994-01-01,1994,1,-48.890717718132436,25.26592503236384,-23.624792685768597
1994-02-01,1994,2,-47.569460441916306,25.05964063185496,-22.509819810061344
1994-03-01,1994,3,-43.502911156506315,25.260953176201724,-18.24195798030459
1994-04-01,1994,4,-40.39463562382227,24.937857657942857,-15.45677796587941
1994-05-01,1994,5,-40.91303827952294,25.50371962725245,-15.409318652270485
1994-06-01,1994,6,-43.14147537349086,25.863618403483827,-17.277856970007036
1994-07-01,1994,7,-43.96227066972867,25.319943823303163,-18.642326846425505
1994-08-01,1994,8,-45.36165803819091,25.995207690982227,-19.366450347208684
1994-09-01,1994,9,-45.269688174294174,25.86508573248193,-19.404602441812244
1994-10-01,1994,10,-45.60740468792417,26.08622328270343,-19.521181405220744
1994-11-01,1994,11,-45.64626758446383,25.704959853754133,-19.941307730709696
1994-12-01,1994,12,-47.986922776053035,25.394410874563505,-22.59251190148953
1995-01-01,1995,1,-49.679066114970425,25.65419907829039,-24.024867036680035
1995-02-01,1995,2,-46.1390639016123,25.309732598174662,-20.82933130343764
1995-03-01,1995,3,-44.23015567159945,25.77128153935149,-18.458874132247956
1995-04-01,1995,4,-43.468829914988646,26.399940537905707,-17.06888937708294
1995-05-01,1995,5,-42.62749378644486,26.25911615201403,-16.36837763443083
1995-06-01,1995,6,-43.6576876847862,26.027469398016024,-17.630218286770173
1995-07-01,1995,7,-44.396603676610226,25.525197003096196,-18.87140667351403
1995-08-01,1995,8,-46.61871150525931,26.12327130379174,-20.495440201467574
1995-09-01,1995,9,-48.39075041419915,27.21961247367301,-21.171137940526137
1995-10-01,1995,10,-47.31672607677834,27.006207315841095,-20.310518760937242
1995-11-01,1995,11,-48.65773823953708,26.50775143083456,-22.149986808702522
1995-12-01,1995,12,-50.53110082789314,26.560398983534526,-23.970701844358615
1996-01-01,1996,1,-50.167759666588864,26.05792229991016,-24.109837366678704
1996-02-01,1996,2,-46.94620196668808,25.51592946226623,-21.43027250442185
1996-03-01,1996,3,-45.33672229448942,26.324728402880567,-19.011993891608853
1996-04-01,1996,4,-41.59051853600647,25.51841263174981,-16.07210590425666
1996-05-01,1996,5,-42.52262976663761,26.363104594065703,-16.159525172571904
1996-06-01,1996,6,-44.19621939104667,26.38560188768861,-17.81061750335806
1996-07-01,1996,7,-44.67800660942967,26.15306555795962,-18.52494105147005
1996-08-01,1996,8,-45.38659571270702,26.12644881645133,-19.26014689625569
1996-09-01,1996,9,-46.10543607999918,26.40852855786585,-19.69690752213333
1996-10-01,1996,10,-47.976253814416395,27.01281659840481,-20.963437216011584
1996-11-01,1996,11,-47.46050366334629,26.302668150617762,-21.157835512728525
1996-12-01,1996,12,-48.584798649883595,25.7340165884753,-22.850782061408296
1997-01-01,1997,1,-48.75152143315273,25.40434258357959,-23.34717884957314
1997-02-01,1997,2,-46.57355768492462,24.652879802936866,-21.920677881987757
1997-03-01,1997,3,-44.202401030759745,25.193587833473998,-19.008813197285747
1997-04-01,1997,4,-42.51755826592549,25.733841292661566,-16.78371697326392
1997-05-01,1997,5,-41.474158230535664,26.10371046884893,-15.370447761686734
1997-06-01,1997,6,-41.76945228241166,25.383203255910132,-16.38624902650153
1997-07-01,1997,7,-43.53584824373638,25.28856143597278,-18.2472868077636
1997-08-01,1997,8,-45.03406891316351,25.609334785016983,-19.424734128146525
1997-09-01,1997,9,-44.81198044081222,25.322068812810528,-19.489911628001693
1997-10-01,1997,10,-46.74587367289524,26.08975531437278,-20.656118358522463
1997-11-01,1997,11,-46.40546508776862,25.400567999608313,-21.004897088160305
1997-12-01,1997,12,-49.121086502862454,25.6746025815479,-23.446483921314552
1998-01-01,1998,1,-50.32771528804412,25.56283130879234,-24.764883979251778
1998-02-01,1998,2,-49.072936366185644,25.43401454015418,-23.638921826031464
1998-03-01,1998,3,-46.52216613760646,25.93248500214014,-20.58968113546632
1998-04-01,1998,4,-43.540063941928594,25.57343088793624,-17.966633053992354
1998-05-01,1998,5,-42.26570987559134,25.774317428933955,-16.491392446657386
1998-06-01,1998,6,-43.93962304961957,25.869433005328176,-18.070190044291394
1998-07-01,1998,7,-44.52763127115924,25.566414564372735,-18.9612167067865
1998-08-01,1998,8,-45.28261669769353,25.58813000631244,-19.694486691381087
1998-09-01,1998,9,-47.825438788666105,26.783741096963695,-21.04169769170241
1998-10-01,1998,10,-46.68538175418294,25.917935396425833,-20.76744635775711
1998-11-01,1998,11,-48.88632601723231,25.65732237206049,-23.229003645171815
1998-12-01,1998,12,-51.18087400682299,25.996784203387392,-25.184089803435597
1999-01-01,1999,1,-50.23454190889993,25.21563300552043,-25.018908903379497
1999-02-01,1999,2,-47.92167513199874,24.941232383724014,-22.980442748274726
1999-03-01,1999,3,-44.0681079290857,24.707414357491757,-19.36069357159394
1999-04-01,1999,4,-42.45285385400683,25.588330225071502,-16.86452362893533
1999-05-01,1999,5,-41.99801916892946,26.056910978995973,-15.941108189933487
1999-06-01,1999,6,-42.06688619693807,25.335384755522796,-16.731501441415276
1999-07-01,1999,7,-45.561497777307835,26.06118978814453,-19.500307989163304
1999-08-01,1999,8,-46.10208418759541,26.010143343435118,-20.09194084416029
1999-09-01,1999,9,-47.098400830447446,26.464477327566215,-20.63392350288123
1999-10-01,1999,10,-48.273695351249955,26.752964847504472,-21.520730503745483
1999-11-01,1999,11,-48.89179561259965,26.444006920023753,-22.447788692575898
1999-12-01,1999,12,-51.3469308412819,26.52137706348941,-24.825553777792493
2000-01-01,2000,1,-50.44679178338987,26.016523108246076,-24.430268675143793
2000-02-01,2000,2,-48.456325487621285,25.414439241878426,-23.04188624574286
2000-03-01,2000,3,-44.57093475171672,25.416073831019617,-19.154860920697104
2000-04-01,2000,4,-42.727749818473,25.829084792429114,-16.898665026043886
2000-05-01,2000,5,-43.37037607608869,26.809656203957672,-16.560719872131017
2000-06-01,2000,6,-43.17728226367848,25.82611350805456,-17.351168755623917
2000-07-01,2000,7,-44.39176568704872,25.683365053825582,-18.708400633223135
2000-08-01,2000,8,-44.94260591675561,25.345876801991892,-19.59672911476372
2000-09-01,2000,9,-46.157308025138235,26.02214099822953,-20.135167026908704
2000-10-01,2000,10,-48.79287401373054,26.93674825229607,-21.85612576143447
2000-11-01,2000,11,-48.85946210786784,26.3218298319332,-22.53763227593464
2000-12-01,2000,12,-48.587456664533505,25.210098648247822,-23.377358016285683
2001-01-01,2001,1,-47.52649589492387,24.968824007445846,-22.557671887478023
2001-02-01,2001,2,-48.79750614157152,25.08449576596496,-23.713010375606558
2001-03-01,2001,3,-45.402086291378055,25.316037850921248,-20.086048440456807
2001-04-01,2001,4,-44.33883049080532,26.323820062142488,-18.015010428662833
2001-05-01,2001,5,-42.880800927079406,26.068660138117366,-16.81214078896204
2001-06-01,2001,6,-42.31214726702271,25.327079159376922,-16.985068107645787
2001-07-01,2001,7,-45.525971798512984,25.657681177722225,-19.86829062079076
2001-08-01,2001,8,-46.829984258891756,25.88721060690301,-20.942773651988745
2001-09-01,2001,9,-47.640539420947675,26.42963670430248,-21.210902716645194
2001-10-01,2001,10,-50.71609444577609,27.550204737416436,-23.165889708359657
2001-11-01,2001,11,-49.89168977695553,26.600554203784327,-23.291135573171204
2001-12-01,2001,12,-53.12795902824291,26.925320591501304,-26.20263843674161
2002-01-01,2002,1,-51.63097857011721,26.30576671421619,-25.325211855901017
2002-02-01,2002,2,-50.393438947843634,25.92384412365442,-24.469594824189215
2002-03-01,2002,3,-46.0878232737862,25.74758171944427,-20.34024155434193
2002-04-01,2002,4,-44.87106482163233,26.961845893267366,-17.909218928364965
2002-05-01,2002,5,-42.28448483857156,25.884640313001,-16.399844525570558
2002-06-01,2002,6,-43.78563766974642,25.894731287634443,-17.89090638211198
2002-07-01,2002,7,-45.59191400245845,25.490019487759014,-20.10189451469944
2002-08-01,2002,8,-47.3396526399373,26.057467582492905,-21.282185057444394
2002-09-01,2002,9,-46.67414047069738,25.94999274311857,-20.72414772757881
2002-10-01,2002,10,-46.31127394277917,25.91794258815952,-20.393331354619647
2002-11-01,2002,11,-49.43651037294629,26.516597511127145,-22.919912861819142
2002-12-01,2002,12,-51.67408975896677,26.546849707508727,-25.127240051458045
2003-01-01,2003,1,-50.6574259475226,25.974672888662667,-24.68275305885993
2003-02-01,2003,2,-48.89586997945793,25.602082263506304,-23.293787715951623
2003-03-01,2003,3,-45.27304200872234,25.61316802307374,-19.659873985648602
2003-04-01,2003,4,-44.26872024463401,26.277787511426936,-17.990932733207075
2003-05-01,2003,5,-42.95729501299405,26.172739234356754,-16.784555778637298
2003-06-01,2003,6,-43.32124635893345,25.568651974792715,-17.752594384140735
2003-07-01,2003,7,-44.30445064084748,25.25776445592777,-19.046686184919707
2003-08-01,2003,8,-46.067024376208565,25.955291445043372,-20.111732931165193
2003-09-01,2003,9,-46.84043178874589,26.471106098087546,-20.369325690658343
2003-10-01,2003,10,-48.976615729041896,26.836717396644303,-22.139898332397593
2003-11-01,2003,11,-49.998103306702006,26.961879003055003,-23.036224303647003
2003-12-01,2003,12,-51.25914477756325,26.555175826903167,-24.703968950660084
2004-01-01,2004,1,-51.5993543146038,26.06373102392888,-25.53562329067492
2004-02-01,2004,2,-47.751608394812905,24.99383345564587,-22.757774939167035
2004-03-01,2004,3,-46.525184676669,25.846131509583813,-20.679053167085186
2004-04-01,2004,4,-43.154185556420174,25.631390876537694,-17.52279467988248
2004-05-01,2004,5,-43.92239575753712,26.267546419037103,-17.654849338500014
2004-06-01,2004,6,-45.06293374154109,26.334720598625154,-18.728213142915934
2004-07-01,2004,7,-44.239982543421405,25.81917290023796,-18.420809643183446
2004-08-01,2004,8,-47.00106566531758,26.290050920470037,-20.711014744847546
2004-09-01,2004,9,-47.540914559171966,26.719147180211678,-20.82176737896029
2004-10-01,2004,10,-49.784012515659555,27.246317304812806,-22.53769521084675
2004-11-01,2004,11,-51.294819191608326,27.452231769919763,-23.842587421688563
2004-12-01,2004,12,-51.71600105078949,26.832951927212036,-24.88304912357745
2005-01-01,2005,1,-50.851234467611874,26.22361837653483,-24.627616091077044
2005-02-01,2005,2,-50.03417220801737,26.05065326464694,-23.983518943370427
2005-03-01,2005,3,-46.45167526779426,25.884877297972253,-20.566797969822005
2005-04-01,2005,4,-44.16406799721031,26.0023105583104,-18.16175743889991
2005-05-01,2005,5,-42.74101517034816,26.005432161505155,-16.735583008843008
2005-06-01,2005,6,-45.44854499042481,26.454236434475433,-18.994308555949374
2005-07-01,2005,7,-45.62322700691715,25.664288992845854,-19.958938014071293
2005-08-01,2005,8,-47.595664786767514,26.201329472081113,-21.3943353146864
2005-09-01,2005,9,-48.82173531250422,26.611760407572945,-22.209974904931272
2005-10-01,2005,10,-49.72750267800859,27.24219392272113,-22.485308755287463
2005-11-01,2005,11,-51.38062165954747,27.18931944387225,-24.191302215675222
2005-12-01,2005,12,-50.59470277426752,25.968052736023253,-24.626650038244264
2006-01-01,2006,1,-51.536472192058795,25.9916555826656,-25.544816609393195
2006-02-01,2006,2,-50.17295007922661,26.021234730341007,-24.151715348885602
2006-03-01,2006,3,-46.220566293958,25.874696324574984,-20.345869969383017
2006-04-01,2006,4,-44.041890538840335,25.965024507657517,-18.076866031182817
2006-05-01,2006,5,-42.79009946339332,26.288850894233235,-16.501248569160083
2006-06-01,2006,6,-44.23811076774493,25.85620835842775,-18.381902409317178
2006-07-01,2006,7,-46.63202497921225,25.973258668864787,-20.65876631034746
2006-08-01,2006,8,-47.731238936382056,25.923980185961398,-21.807258750420658
2006-09-01,2006,9,-47.88134994842025,26.308425447675745,-21.572924500744506
2006-10-01,2006,10,-51.20733869761344,27.519404425529842,-23.687934272083595
2006-11-01,2006,11,-50.657707882435005,27.25406837381945,-23.403639508615555
2006-12-01,2006,12,-52.30894787409369,26.810319519653717,-25.498628354439973
2007-01-01,2007,1,-53.59556815245975,26.6492822456392,-26.94628590682055
2007-02-01,2007,2,-49.55529993184322,25.47551791050404,-24.079782021339184
2007-03-01,2007,3,-47.402803076153134,26.222054809328995,-21.18074826682414
2007-04-01,2007,4,-43.962455937998214,26.319592453940515,-17.6428634840577
2007-05-01,2007,5,-44.84591565887257,26.38888083324622,-18.45703482562635
2007-06-01,2007,6,-45.60196838533838,26.027239884308187,-19.574728501030194
2007-07-01,2007,7,-46.4876662795225,25.372025467709705,-21.115640811812796
2007-08-01,2007,8,-48.793633343544286,26.455049901259258,-22.338583442285028
2007-09-01,2007,9,-48.612152677145616,26.5994512640479,-22.012701413097716
2007-10-01,2007,10,-49.4406632753751,26.971181677935874,-22.469481597439227
2007-11-01,2007,11,-51.20174245181116,27.044752458727658,-24.1569899930835
2007-12-01,2007,12,-53.9720062147604,27.51180923633069,-26.460196978429707
2008-01-01,2008,1,-52.413219343105965,26.491507966245138,-25.921711376860827
2008-02-01,2008,2,-50.13683241325887,25.94445753953528,-24.192374873723594
2008-03-01,2008,3,-46.096933856635644,25.919662438131354,-20.17727141850429
2008-04-01,2008,4,-43.44749031268444,25.965317766154556,-17.48217254652988
2008-05-01,2008,5,-42.659538042893615,26.191166152975256,-16.46837188991836
2008-06-01,2008,6,-44.62346597594885,25.931676726052956,-18.69178924989589
2008-07-01,2008,7,-45.04343808611682,25.57077712967856,-19.47266095643826
2008-08-01,2008,8,-46.55814945220635,25.937523777569425,-20.620625674636926
2008-09-01,2008,9,-49.37270244431707,27.228997570464458,-22.143704873852613
2008-10-01,2008,10,-50.278312220059206,27.16200023002085,-23.116311990038355
2008-11-01,2008,11,-52.3395012545914,27.493693195427284,-24.845808059164114
2008-12-01,2008,12,-52.79106901005579,27.138720025005114,-25.65234898505068
2009-01-01,2009,1,-51.58196009759655,25.9899171366597,-25.59204296093685
2009-02-01,2009,2,-50.611770369749564,25.93650176180728,-24.675268607942286
2009-03-01,2009,3,-47.53452121775723,26.309034099063183,-21.225487118694048
2009-04-01,2009,4,-45.167370145089194,26.22757568385009,-18.939794461239103
2009-05-01,2009,5,-42.38086955252314,25.905355696781214,-16.475513855741923
2009-06-01,2009,6,-44.26390198678749,25.887667575636385,-18.376234411151103
2009-07-01,2009,7,-45.57988579522845,25.633685575237394,-19.946200219991056
2009-08-01,2009,8,-45.995866467115405,25.246658877695268,-20.749207589420138
2009-09-01,2009,9,-49.18924611311516,26.736436963058168,-22.452809150056993
2009-10-01,2009,10,-49.39084636738258,27.386815691781806,-22.004030675600774
2009-11-01,2009,11,-50.41753844257914,27.15043403282783,-23.267104409751312
2009-12-01,2009,12,-51.30371168192113,26.20912433113898,-25.09458735078215
2010-01-01,2010,1,-48.5374320392053,24.97812470359395,-23.55930733561135
2010-02-01,2010,2,-47.11597843736698,24.779917593909715,-22.33606084345726
2010-03-01,2010,3,-44.37634996588065,24.965681579464217,-19.410668386416432
2010-04-01,2010,4,-42.577602824698204,25.435666137390967,-17.141936687307236
2010-05-01,2010,5,-43.09964133371261,25.872066074617692,-17.22757525909492
2010-06-01,2010,6,-43.96548778538795,25.799013735488643,-18.166474049899307
2010-07-01,2010,7,-44.765938863721885,25.47009762788349,-19.295841235838395
2010-08-01,2010,8,-44.28539421035373,24.89741725676282,-19.387976953590908
2010-09-01,2010,9,-45.59956192918585,25.823701624584146,-19.775860304601707
2010-10-01,2010,10,-47.1560765049509,26.39950793819554,-20.756568566755362
2010-11-01,2010,11,-48.58710757613798,26.685054734114942,-21.90205284202304
2010-12-01,2010,12,-48.85543213044269,25.62426755972956,-23.231164570713133
2011-01-01,2011,1,-46.06932400340963,23.90949443577972,-22.159829567629913
2011-02-01,2011,2,-44.38411507811281,23.836564241729718,-20.547550836383095
2011-03-01,2011,3,-40.26525491127575,23.90357421123474,-16.361680700041006
2011-04-01,2011,4,-39.59240406436052,24.42883048346107,-15.163573580899453
2011-05-01,2011,5,-39.19426927757658,24.044773844013832,-15.149495433562748
2011-06-01,2011,6,-42.52749384730646,24.50533210835266,-18.0221617389538
2011-07-01,2011,7,-42.11158281664814,23.867845806707976,-18.243737009940162
2011-08-01,2011,8,-42.754479455263464,23.801384955674678,-18.953094499588786
2011-09-01,2011,9,-42.58632715119177,24.088017131612503,-18.498310019579264
2011-10-01,2011,10,-43.5598786240044,24.878250150351732,-18.681628473652665
2011-11-01,2011,11,-45.12784797579866,24.954262536788804,-20.173585439009855
2011-12-01,2011,12,-48.504452742231734,25.206978845319043,-23.29747389691269
2012-01-01,2012,1,-46.404337360005655,24.065278108738482,-22.339059251267173
2012-02-01,2012,2,-42.21808477598276,23.248444899971844,-18.969639876010916
2012-03-01,2012,3,-40.95665099259401,23.99041771865336,-16.966233273940645
2012-04-01,2012,4,-39.50275389733821,24.250329985238125,-15.252423912100085
2012-05-01,2012,5,-37.84975522777145,23.81738506068797,-14.032370167083485
2012-06-01,2012,6,-40.294295838371085,23.79592901019629,-16.498366828174795
2012-07-01,2012,7,-41.11543763871444,23.444499053142067,-17.670938585572372
2012-08-01,2012,8,-41.76700252976005,23.806021280448306,-17.960981249311743
2012-09-01,2012,9,-43.57135199652197,24.729209254111367,-18.8421427424106
2012-10-01,2012,10,-43.38583640151907,24.868753225296814,-18.517083176222258
2012-11-01,2012,11,-45.01987447186329,25.05004292227028,-19.96983154959301
2012-12-01,2012,12,-46.929881660456005,24.66575515214572,-22.264126508310284
2013-01-01,2013,1,-48.88360085173332,24.749512807585916,-24.134088044147404
2013-02-01,2013,2,-44.38564242976696,24.004067859655777,-20.381574570111184
2013-03-01,2013,3,-40.739336108179,23.49204127868984,-17.247294829489164
2013-04-01,2013,4,-39.292161005149524,24.265451102157613,-15.026709902991911
2013-05-01,2013,5,-39.3745319250057,24.268436282830464,-15.106095642175234
2013-06-01,2013,6,-41.419100263619754,24.298258214622763,-17.12084204899699
2013-07-01,2013,7,-42.284379518963334,24.0391337087878,-18.245245810175533
2013-08-01,2013,8,-41.05610599539929,23.43162774868358,-17.62447824671571
2013-09-01,2013,9,-42.17456197429419,24.22515889402399,-17.9494030802702
2013-10-01,2013,10,-43.25859012552917,24.83495031150227,-18.4236398140269
2013-11-01,2013,11,-45.7416593062691,25.52815067584322,-20.213508630425878
2013-12-01,2013,12,-46.97685511820575,24.872317583072004,-22.104537535133744
2014-01-01,2014,1,-45.798575909683706,23.916164176063546,-21.88241173362016
2014-02-01,2014,2,-43.99204257247874,23.7197636313864,-20.27227894109234
2014-03-01,2014,3,-41.22150493018731,23.96432030668643,-17.257184623500876
2014-04-01,2014,4,-39.010315480962674,23.812982885615668,-15.197332595347007
2014-05-01,2014,5,-39.75411318076635,24.34110890117978,-15.413004279586573
2014-06-01,2014,6,-41.545680475033976,24.333820971372745,-17.21185950366123
2014-07-01,2014,7,-42.11732508149112,24.017349159102196,-18.09997592238892
2014-08-01,2014,8,-40.35658233932182,23.35990576623408,-16.99667657308774
2014-09-01,2014,9,-41.980435846099255,24.11594460683841,-17.864491239260843
2014-10-01,2014,10,-43.261297726557444,24.94643474291246,-18.314862983644986
2014-11-01,2014,11,-45.84545666609631,25.05400680499423,-20.79144986110208
2014-12-01,2014,12,-47.40346026346117,25.042034964202514,-22.361425299258656
2015-01-01,2015,1,-46.39470895972087,24.264417951333144,-22.13029100838773
2015-02-01,2015,2,-43.810746565590534,23.946472418088888,-19.864274147501646
2015-03-01,2015,3,-41.878501055494326,24.19712815208902,-17.681372903405304
2015-04-01,2015,4,-38.783487720235854,24.08616557599305,-14.697322144242804
2015-05-01,2015,5,-37.957746349321184,23.69199236486321,-14.265753984457973
2015-06-01,2015,6,-40.42884970930433,24.065868175666594,-16.362981533637736
2015-07-01,2015,7,-41.598341262025826,23.886178579378054,-17.712162682647772
2015-08-01,2015,8,-41.354336624825294,23.915241376255892,-17.4390952485694
2015-09-01,2015,9,-41.73613855719941,24.046310505065662,-17.68982805213375
2015-10-01,2015,10,-42.62161632592762,24.5646013915337,-18.05701493439392
2015-11-01,2015,11,-45.23990645088088,25.026903127537707,-20.213003323343173
2015-12-01,2015,12,-46.73655799016893,24.901096661839006,-21.835461328329927
2016-01-01,2016,1,-47.4927698627333,24.09365852983916,-23.399111332894137
2016-02-01,2016,2,-45.40834251641368,23.897246310521098,-21.511096205892585
2016-03-01,2016,3,-42.963626512320616,24.412591352794095,-18.55103515952652
2016-04-01,2016,4,-40.30577388114074,24.14623082770362,-16.15954305343712
2016-05-01,2016,5,-39.52984011778281,24.411442724157325,-15.118397393625486
2016-06-01,2016,6,-39.49647641996114,23.41208305194482,-16.084393368016322
2016-07-01,2016,7,-40.891953499078625,23.35906805264301,-17.532885446435614
2016-08-01,2016,8,-40.8576734304591,22.920741729580527,-17.936931700878574
2016-09-01,2016,9,-43.05137797123217,24.513053964513688,-18.538324006718483
2016-10-01,2016,10,-43.86580648514996,25.19854194298449,-18.66726454216547
2016-11-01,2016,11,-45.266398071185534,24.73921952570703,-20.527178545478506
2016-12-01,2016,12,-46.8516033745785,24.65740743648928,-22.194195938089223
2017-01-01,2017,1,-44.941417661082454,23.633031735211375,-21.30838592587108
2017-02-01,2017,2,-43.74399318560944,23.589682799664104,-20.154310385945337
2017-03-01,2017,3,-40.2988919367732,23.815445915348732,-16.48344602142447
2017-04-01,2017,4,-37.8385290970873,23.429541442804293,-14.40898765428301
2017-05-01,2017,5,-39.00600434544893,24.350179718622144,-14.655824626826785
2017-06-01,2017,6,-40.50510952530064,23.93735559733534,-16.5677539279653
2017-07-01,2017,7,-40.68712243230277,23.221516290219654,-17.465606142083118
2017-08-01,2017,8,-42.48276674774627,24.12124941641531,-18.36151733133096
2017-09-01,2017,9,-44.07794294298105,24.827131420709122,-19.25081152227193
2017-10-01,2017,10,-44.74326330508805,25.02526237230444,-19.71800093278361
2017-11-01,2017,11,-46.55549211733691,25.27909489044623,-21.27639722689068
2017-12-01,2017,12,-48.553720602064516,24.782148972803384,-23.771571629261132
2018-01-01,2018,1,-46.43085232373437,23.69155235941895,-22.73929996431542
2018-02-01,2018,2,-46.562010903992416,24.660465178453876,-21.90154572553854
2018-03-01,2018,3,-41.287734514990774,23.678731574190977,-17.609002940799797
2018-04-01,2018,4,-38.21149715762414,23.38318329139588,-14.828313866228257
2018-05-01,2018,5,-38.17168808452041,23.691881202119987,-14.479806882400425
2018-06-01,2018,6,-40.726216508380986,23.745498663233263,-16.980717845147723
2018-07-01,2018,7,-40.951415836468726,23.29092358493631,-17.660492251532418
2018-08-01,2018,8,-42.58617961715328,23.891024188868357,-18.69515542828492
2018-09-01,2018,9,-42.135224116896865,24.02140244743333,-18.113821669463533
2018-10-01,2018,10,-43.93373321655761,24.776613759207464,-19.15711945735015
2018-11-01,2018,11,-45.343185316539575,24.882069462842594,-20.46111585369698
2018-12-01,2018,12,-46.21939807481931,24.143262596644604,-22.076135478174706
2019-01-01,2019,1,-47.16309329432332,24.012064635314005,-23.151028659009313
2019-02-01,2019,2,-43.73423101668192,23.29432166052686,-20.439909356155056
2019-03-01,2019,3,-40.546028460602656,23.580572091511044,-16.965456369091612
2019-04-01,2019,4,-39.412020494130985,24.003039945746707,-15.408980548384278
2019-05-01,2019,5,-39.409030915334824,24.037186374528687,-15.371844540806137
2019-06-01,2019,6,-41.01029598908292,23.831346281618323,-17.178949707464596
2019-07-01,2019,7,-40.91472679615674,23.066047592652467,-17.848679203504275
2019-08-01,2019,8,-40.989918599025714,23.165215942604334,-17.82470265642138
2019-09-01,2019,9,-41.43379958242102,23.57829249848578,-17.855507083935237
2019-10-01,2019,10,-41.62899180248536,24.212254335881937,-17.416737466603422
2019-11-01,2019,11,-44.023343551715385,24.566864158091562,-19.456479393623823
2019-12-01,2019,12,-46.281168174243874,24.36289400131176,-21.918274172932115
2020-01-01,2020,1,-47.488937544179606,24.717859936067725,-22.77107760811188
2020-02-01,2020,2,-45.70551627227434,24.17204194475397,-21.533474327520366
2020-03-01,2020,3,-42.57707168403576,24.361195007658807,-18.21587667637695
2020-04-01,2020,4,-39.03729518815078,23.89069502216887,-15.146600165981909
2020-05-01,2020,5,-39.210510962291835,23.99045377216089,-15.220057190130944
2020-06-01,2020,6,-41.126023472893365,23.940195193872057,-17.185828279021308
2020-07-01,2020,7,-41.60473606959579,23.40060249214929,-18.2041335774465
2020-08-01,2020,8,-41.75386921605161,23.18548362974377,-18.56838558630784
2020-09-01,2020,9,-42.828333947879344,24.27323870185012,-18.555095246029225
2020-10-01,2020,10,-44.818084862306364,25.077761699338907,-19.740323162967456
2020-11-01,2020,11,-46.53979642689052,25.523417371514654,-21.016379055375864
2020-12-01,2020,12,-48.67315540951171,25.051060708287196,-23.622094701224512
2021-01-01,2021,1,-47.69727820329035,23.98593488341203,-23.711343319878324
2021-02-01,2021,2,-44.74489668265778,23.51526149720894,-21.229635185448842
2021-03-01,2021,3,-41.18709220553626,23.915744852636863,-17.271347352899397
2021-04-01,2021,4,-38.67065462291268,23.639640289548197,-15.031014333364482
2021-05-01,2021,5,-38.94045034865238,23.992572320017075,-14.947878028635301
2021-06-01,2021,6,-39.596296301429675,23.441954366166726,-16.15434193526295
2021-07-01,2021,7,-39.85810282721178,22.732712287659183,-17.125390539552598
2021-08-01,2021,8,-40.71671880444936,23.077695221141596,-17.63902358330776
2021-09-01,2021,9,-42.657530582229214,24.459158118800076,-18.198372463429138
2021-10-01,2021,10,-44.014858036498765,24.760765737627196,-19.25409229887157
2021-11-01,2021,11,-45.64262122952823,24.917016053122325,-20.725605176405907
2021-12-01,2021,12,-48.88264409496267,25.053077142344478,-23.829566952618194
2022-01-01,2022,1,-45.34596622102973,23.630284464261138,-21.71568175676859
2022-02-01,2022,2,-43.26494855928226,23.40316267469251,-19.86178588458975
2022-03-01,2022,3,-40.54056714798256,23.177242024176905,-17.36332512380565
2022-04-01,2022,4,-39.230483152522794,23.896807899645808,-15.333675252876986
2022-05-01,2022,5,-39.314402681775846,24.20262260597093,-15.111780075804916
2022-06-01,2022,6,-38.92524641522357,23.610540733029097,-15.314705682194472
2022-07-01,2022,7,-41.74881180156032,23.783267375284368,-17.965544426275954
2022-08-01,2022,8,-42.15634544421022,23.844086267036687,-18.31225917717353
2022-09-01,2022,9,-42.44337456147963,24.509804050968,-17.93357051051163
2022-10-01,2022,10,-44.07259095899889,25.061414086507682,-19.011176872491205
2022-11-01,2022,11,-45.63380953557606,24.985364982288615,-20.648444553287447
2022-12-01,2022,12,-46.892831312773495,24.348033465601418,-22.544797847172077
2023-01-01,2023,1,-45.64466378317394,23.295869635515146,-22.348794147658793
2023-02-01,2023,2,-43.04269649489808,23.07863275966315,-19.96406373523493
2023-03-01,2023,3,-40.44647398816463,23.37235254809832,-17.074121440066307
2023-04-01,2023,4,-37.76707710136975,23.460233314870777,-14.306843786498973
2023-05-01,2023,5,-38.16685564850869,23.806510584386047,-14.36034506412264
2023-06-01,2023,6,-38.86936775359243,23.325898078359785,-15.543469675232643
2023-07-01,2023,7,-39.79703819819349,22.977170197848068,-16.819868000345423
2023-08-01,2023,8,-39.87008256634272,22.640359130678007,-17.22972343566471
2023-09-01,2023,9,-41.25186860520694,23.40085532993254,-17.851013275274397
2023-10-01,2023,10,-44.09081872875751,24.733433588408218,-19.357385140349294
2023-11-01,2023,11,-46.177962136157134,24.93993858550965,-21.238023550647483
2023-12-01,2023,12,-48.212742049366,24.530681101752805,-23.682060947613195
2024-01-01,2024,1,-48.047226210538724,23.97164896713923,-24.075577243399493
2024-02-01,2024,2,-45.1047638493209,23.35015180838394,-21.754612040936962
2024-03-01,2024,3,-42.45544852099593,23.97801902594091,-18.47742949505502
2024-04-01,2024,4,-40.02587524175897,23.94633974278537,-16.0795354989736
2024-05-01,2024,5,-39.60142370974077,24.085340908726323,-15.516082801014448
2024-06-01,2024,6,-40.57191403144182,24.005597808301502,-16.56631622314032
2024-07-01,2024,7,-40.94009505957763,23.08429985784079,-17.85579520173684
2024-08-01,2024,8,-40.68989670132035,22.635854723700504,-18.054041977619846
2024-09-01,2024,9,-42.197501910219415,23.840701109078168,-18.356800801141247
2024-10-01,2024,10,-44.0724261571807,24.693104990709855,-19.379321166470845
2024-11-01,2024,11,-46.844207971661376,25.30811014858085,-21.536097823080524
2024-12-01,2024,12,-47.59406775493969,24.570323209832225,-23.023744545107462
2025-01-01,2025,1,-45.63722302182924,23.41878256737192,-22.218440454457323
2025-02-01,2025,2,-44.54589680201974,23.570364763241912,-20.97553203877783
2025-03-01,2025,3,-41.5554044755811,23.518254222557402,-18.037150253023697
2025-04-01,2025,4,-40.53912552915972,24.297818480730996,-16.241307048428723
2025-05-01,2025,5,-39.77421064601896,24.34958328360875,-15.424627362410206
2025-06-01,2025,6,-39.61331998219802,23.675719972773493,-15.937600009424528
2025-07-01,2025,7,-39.28368738050486,23.23955465038665,-16.044132730118207
2025-08-01,2025,8,-39.41370830741906,23.23393929477669,-16.179769012642367
2025-09-01,2025,9,-40.33557323362405,23.59406502844314,-16.741508205180907
2025-10-01,2025,10,-42.07633317993742,24.721267747066804,-17.355065432870617
2025-11-01,2025,11,-43.890569382134515,24.491266021158424,-19.39930336097609
2025-12-01,2025,12,-45.348655040956515,24.711267451950732,-20.637387589005783
